<?xml version="1.0" encoding="UTF-8"?>
<metadata xml:lang="en"><Esri><CreaDate>20251024</CreaDate><CreaTime>12210100</CreaTime><ArcGISFormat>1.0</ArcGISFormat><SyncOnce>TRUE</SyncOnce><DataProperties><lineage><Process ToolSource="c:\program files\arcgis\server\framework\runtime\arcgis\Resources\ArcToolbox\toolboxes\Data Management Tools.tbx\SetRasterProperties" Date="20251024" Time="122101">SetRasterProperties C:\Users\igskmncn-swscArc\AppData\Local\Temp\landfireproductservice_gpserver\jd2bb92811c934f7fa3899bdf2560850a\scratch\jd2bb92811c934f7fa3899bdf2560850a.tif Thematic # # # "Creator 'USGS EROS Landfire Product Service'" #</Process><Process ToolSource="c:\program files\arcgis\server\framework\runtime\arcgis\Resources\ArcToolbox\toolboxes\Data Management Tools.tbx\SetRasterProperties" Date="20251024" Time="122101">SetRasterProperties C:\Users\igskmncn-swscArc\AppData\Local\Temp\landfireproductservice_gpserver\jd2bb92811c934f7fa3899bdf2560850a\scratch\jd2bb92811c934f7fa3899bdf2560850a.tif # # # # "ResampleResolution 3658" #</Process></lineage></DataProperties></Esri></metadata>
