<PAMDataset>
  <Metadata>
    <MDI key="Creator">USGS EROS Landfire Product Service</MDI>
    <MDI key="DataType">Thematic</MDI>
    <MDI key="ResampleResolution">3658</MDI>
  </Metadata>
  <PAMRasterBand band="1">
    <Description>US_ELEV2020</Description>
    <UnitOfMeasure>Meters</UnitOfMeasure>
    <Histograms>
      <HistItem>
        <HistMin>0</HistMin>
        <HistMax>3451</HistMax>
        <BucketCount>256</BucketCount>
        <IncludeOutOfRange>1</IncludeOutOfRange>
        <Approximate>0</Approximate>
        <HistCounts>529|71|92|156|176|198|187|146|135|180|174|202|164|186|183|209|179|159|192|174|188|162|186|178|175|153|176|156|166|156|143|148|149|151|142|157|116|139|118|108|104|148|124|134|131|156|149|132|135|121|140|164|194|172|151|182|204|160|164|169|210|206|176|177|179|183|173|190|188|195|190|197|183|185|150|199|196|173|182|167|169|158|169|183|171|159|168|179|183|197|246|252|344|396|289|326|308|385|300|294|345|396|373|354|305|366|315|290|334|286|319|313|296|244|258|258|275|237|265|281|260|223|191|190|174|190|160|165|134|163|131|143|131|124|112|134|108|85|90|87|81|76|95|48|54|48|50|52|61|36|40|39|35|31|34|25|29|28|25|33|32|21|22|19|20|14|23|16|18|7|11|15|9|10|6|5|8|8|2|4|8|3|7|5|2|2|1|0|1|5|5|2|1|3|1|1|0|0|0|0|1|1|2|1|1|0|0|0|1|0|1|0|0|0|0|0|0|0|0|0|0|0|0|0|0|0|0|0|0|0|0|0|0|0|0|0|0|0|0|0|0|0|0|0|0|0|0|0|0|0|0|0|0|0|0|1</HistCounts>
      </HistItem>
    </Histograms>
    <Metadata>
      <MDI key="BandName">US_ELEV2020</MDI>
      <MDI key="RepresentationType">ATHEMATIC</MDI>
      <MDI key="STATISTICS_COVARIANCES">317942.6267764126,-2670.794804075652</MDI>
      <MDI key="STATISTICS_MAXIMUM">3451</MDI>
      <MDI key="STATISTICS_MEAN">1049.8206065671</MDI>
      <MDI key="STATISTICS_MEDIAN">1150.333333</MDI>
      <MDI key="STATISTICS_MINIMUM">0</MDI>
      <MDI key="STATISTICS_SKIPFACTORX">1</MDI>
      <MDI key="STATISTICS_SKIPFACTORY">1</MDI>
      <MDI key="STATISTICS_STDDEV">563.86401443647</MDI>
    </Metadata>
  </PAMRasterBand>
  <PAMRasterBand band="2">
    <Description>US_200CC_20</Description>
    <UnitOfMeasure>Percent</UnitOfMeasure>
    <Histograms>
      <HistItem>
        <HistMin>0</HistMin>
        <HistMax>85</HistMax>
        <BucketCount>256</BucketCount>
        <IncludeOutOfRange>1</IncludeOutOfRange>
        <Approximate>0</Approximate>
        <HistCounts>16641|0|0|0|0|0|0|0|0|0|0|0|0|0|0|0|0|0|0|0|0|0|0|0|0|0|0|0|0|0|0|0|0|0|0|0|0|0|0|0|0|0|0|0|0|457|0|0|0|0|0|0|0|0|0|0|0|0|0|0|0|0|0|0|0|0|0|0|0|0|0|0|0|0|0|925|0|0|0|0|0|0|0|0|0|0|0|0|0|0|0|0|0|0|0|0|0|0|0|0|0|0|0|0|0|2223|0|0|0|0|0|0|0|0|0|0|0|0|0|0|0|0|0|0|0|0|0|0|0|0|0|0|0|0|0|2398|0|0|0|0|0|0|0|0|0|0|0|0|0|0|0|0|0|0|0|0|0|0|0|0|0|0|0|0|0|1495|0|0|0|0|0|0|0|0|0|0|0|0|0|0|0|0|0|0|0|0|0|0|0|0|0|0|0|0|0|1642|0|0|0|0|0|0|0|0|0|0|0|0|0|0|0|0|0|0|0|0|0|0|0|0|0|0|0|0|0|2571|0|0|0|0|0|0|0|0|0|0|0|0|0|0|0|0|0|0|0|0|0|0|0|0|0|0|0|0|0|367</HistCounts>
      </HistItem>
    </Histograms>
    <Metadata>
      <MDI key="BandName">US_200CC_20</MDI>
      <MDI key="RepresentationType">ATHEMATIC</MDI>
      <MDI key="STATISTICS_COVARIANCES">-2670.794804075652,803.3818836833207</MDI>
      <MDI key="STATISTICS_MAXIMUM">85</MDI>
      <MDI key="STATISTICS_MEAN">21.890386155507</MDI>
      <MDI key="STATISTICS_MEDIAN">0.000000</MDI>
      <MDI key="STATISTICS_MINIMUM">0</MDI>
      <MDI key="STATISTICS_SKIPFACTORX">1</MDI>
      <MDI key="STATISTICS_SKIPFACTORY">1</MDI>
      <MDI key="STATISTICS_STDDEV">28.343992020944</MDI>
    </Metadata>
  </PAMRasterBand>
</PAMDataset>
